condition_id,difficulty_pmse,difficulty_pmse_std,n_models,seq_len,train_size,num_features,num_causes,num_layers,hidden_dim,generation_mode,y_is_effect,in_clique,sort_features,first_nonlinearity,per_layer_activation,noise_std,init_std,sampling
0,0.23391997767114445,0.10262814177684071,8,256,0.5,20,10,5,64,head,False,False,True,gelu,True,0.03,0.5,uniform
1,0.6794866809627984,0.04292315649954648,8,256,0.7,10,10,5,64,roots,True,False,True,gelu,False,0.03,0.5,normal
2,0.3399244345552838,0.04272744307977467,8,512,0.5,10,10,5,16,causal,True,False,True,gelu,False,0.005,1.2,normal
3,0.046499736765422295,0.045509349483657015,8,512,0.5,20,20,5,16,head,True,True,False,gelu,True,0.005,1.2,normal
4,0.6963911985565809,0.05047550625418029,8,256,0.5,10,20,5,64,head,True,True,False,tanh,True,0.005,1.2,normal
5,0.7454185191370525,0.028837433446963982,8,512,0.7,10,20,2,64,head,True,False,False,relu,False,0.005,1.2,normal
6,0.4114691143799818,0.06919513819141042,8,256,0.5,10,10,5,64,head,False,False,False,relu,False,0.03,1.2,normal
7,0.09339643123409797,0.08328338192316986,8,256,0.5,20,20,5,16,head,False,True,False,relu,True,0.03,1.2,uniform
8,0.7334071908713177,0.052161957207434065,8,512,0.5,10,20,5,64,causal,False,False,False,tanh,True,0.005,1.2,normal
9,0.30902675876257196,0.09742010909332399,8,512,0.7,20,20,5,64,causal,True,False,True,relu,True,0.005,0.5,uniform
10,0.3893398580564831,0.04813426609435701,8,512,0.7,10,20,5,64,causal,True,True,False,relu,True,0.005,0.5,uniform
11,0.5127089092412311,0.07988227113280841,8,256,0.7,20,20,5,64,causal,True,True,False,gelu,False,0.03,1.2,normal
12,0.14418817497879868,0.05712174612873554,8,512,0.7,10,10,2,64,roots,False,False,True,relu,True,0.005,0.5,uniform
13,0.5914578904578841,0.08676380978928651,8,256,0.7,20,20,2,64,causal,False,False,True,tanh,False,0.03,1.2,normal
14,0.2618397418502305,0.12133064276063985,8,512,0.5,20,20,2,64,head,True,False,True,gelu,False,0.005,0.5,uniform
15,0.4886961073525438,0.03495342566171393,8,512,0.7,10,10,2,64,head,False,False,True,gelu,False,0.03,1.2,normal
16,0.38842499741053443,0.03768525544747031,8,512,0.5,10,10,5,64,causal,True,True,True,gelu,False,0.03,1.2,uniform
17,0.5588323810534703,0.10738446790551595,8,512,0.7,20,10,5,64,head,True,False,False,tanh,False,0.03,1.2,normal
18,0.6370313963830129,0.054313095777389,8,256,0.7,20,20,5,64,causal,True,False,False,tanh,False,0.03,0.5,uniform
19,0.6852522603727129,0.057681820417557234,8,256,0.7,10,20,2,64,causal,False,True,True,tanh,True,0.005,1.2,normal
20,0.06891231440022899,0.06390588663345435,8,512,0.5,20,20,2,16,head,False,False,True,relu,True,0.005,0.5,uniform
21,0.09173444406969511,0.08398374588542402,8,512,0.7,20,20,2,16,head,True,True,True,tanh,True,0.03,0.5,normal
22,0.14685747479332834,0.05276609156524893,8,512,0.7,10,10,2,64,roots,False,False,False,gelu,True,0.005,0.5,uniform
23,0.09769439814976096,0.08912028416846743,8,256,0.5,20,10,2,16,head,True,False,True,gelu,True,0.03,0.5,uniform
24,0.08494127031538609,0.04780378852868975,8,256,0.5,10,20,5,16,causal,True,True,True,gelu,True,0.005,0.5,uniform
25,0.6336366870688273,0.04756288863621019,8,256,0.7,10,20,2,64,head,False,True,False,relu,True,0.03,1.2,normal
26,0.518441079261009,0.06282340396569092,8,256,0.7,10,10,2,64,head,False,True,True,relu,False,0.005,0.5,normal
27,0.22152757920462374,0.13257571368866441,8,512,0.5,20,20,2,64,roots,False,True,True,tanh,False,0.03,0.5,uniform
28,0.37304684131630095,0.1115253966870009,8,256,0.5,20,20,2,64,causal,False,False,False,relu,True,0.03,0.5,uniform
29,0.12469166208307064,0.054655549401614455,8,512,0.7,10,10,2,16,roots,True,False,False,relu,True,0.005,0.5,uniform
30,0.40795501452659244,0.04568073267219896,8,512,0.7,10,20,2,64,head,False,True,False,gelu,False,0.005,1.2,uniform
31,0.13408667342235311,0.07699140503673618,8,512,0.5,20,10,2,64,causal,True,False,True,gelu,False,0.005,0.5,uniform
32,0.38568615588794763,0.11106042123959094,8,512,0.7,20,20,2,64,roots,False,False,False,relu,False,0.005,0.5,normal
33,0.17487893541246016,0.06522217257454878,8,512,0.7,20,10,5,16,causal,False,False,True,tanh,True,0.03,1.2,uniform
34,0.13848384992161436,0.03818554177713587,8,512,0.7,10,10,5,16,causal,False,False,True,relu,False,0.03,1.2,uniform
35,0.4959127136352762,0.11123402792671831,8,512,0.5,20,20,5,64,causal,False,False,False,gelu,False,0.005,0.5,uniform
36,0.2938179456744751,0.17615838234634176,8,256,0.5,20,20,2,16,roots,False,False,False,gelu,True,0.03,0.5,uniform
37,0.32862439421013134,0.07056192817044518,8,256,0.7,10,10,2,64,roots,True,False,False,relu,False,0.03,0.5,normal
38,0.11152512037190783,0.08464941322926607,8,256,0.5,10,10,5,16,head,True,False,False,relu,False,0.005,0.5,normal
39,0.11345584607646783,0.06617993117840691,8,512,0.7,10,20,2,16,head,True,False,True,relu,True,0.005,0.5,uniform
40,0.07048615470894407,0.04188543788983378,8,512,0.7,10,20,5,16,head,True,False,True,gelu,True,0.03,1.2,normal
41,0.6809237482960689,0.11664668731580319,8,256,0.5,20,20,2,64,causal,True,False,True,relu,False,0.03,1.2,normal
42,0.42678790749409834,0.06782420793547703,8,512,0.7,10,10,5,64,head,False,False,True,relu,True,0.005,1.2,normal
43,0.4006894487077085,0.12697005142333728,8,256,0.7,10,10,2,64,head,True,True,True,relu,True,0.03,0.5,uniform
44,0.412745575543875,0.09242229992407579,8,512,0.7,10,10,2,64,roots,True,False,False,gelu,True,0.005,0.5,normal
45,0.1171423043851692,0.08128687089845169,8,256,0.7,10,10,5,16,head,False,False,True,tanh,True,0.005,0.5,normal
46,0.16105901004933582,0.11109923635478235,8,512,0.7,20,10,2,16,causal,True,False,True,gelu,False,0.005,0.5,normal
47,0.4069895672122433,0.07528968030479301,8,512,0.7,10,20,5,64,head,True,True,True,relu,True,0.03,1.2,uniform
48,0.2379175905894227,0.16922934497636374,8,512,0.5,20,20,2,64,roots,True,True,False,gelu,False,0.03,0.5,uniform
49,0.3336053452640469,0.09727354587456091,8,512,0.5,20,10,5,64,head,True,False,False,gelu,False,0.03,0.5,normal
50,0.41714396895248923,0.10685667080619804,8,256,0.5,20,20,5,16,roots,False,False,False,relu,False,0.005,1.2,uniform
51,0.17835110409922333,0.08731205063852115,8,256,0.7,10,20,2,16,causal,False,True,True,gelu,False,0.03,1.2,uniform
52,0.09838295992417662,0.04599395474002274,8,512,0.5,20,10,5,16,causal,True,False,False,tanh,True,0.005,0.5,uniform
53,0.2430602699788365,0.1179668744521924,8,512,0.7,20,20,2,64,roots,True,False,True,relu,False,0.005,0.5,uniform
54,0.13686904215837825,0.04494211915338253,8,512,0.5,10,10,2,64,roots,False,False,True,gelu,True,0.03,1.2,uniform
55,0.3044065087987591,0.08659934924889068,8,512,0.5,20,20,5,64,causal,True,True,True,relu,True,0.005,1.2,uniform
56,0.28222052022712707,0.06216939028853414,8,256,0.5,10,10,2,16,head,True,False,True,relu,False,0.03,1.2,normal
57,0.21878002382069267,0.0266520873026679,8,512,0.5,10,10,5,64,causal,True,False,False,relu,False,0.03,0.5,uniform
58,0.7127386073408141,0.03076190211571983,8,512,0.5,10,20,5,64,causal,True,False,False,gelu,False,0.03,1.2,normal
59,0.19493096452507644,0.10581525687338401,8,512,0.5,10,20,2,16,head,False,True,True,relu,True,0.03,0.5,uniform
60,0.34447750002561917,0.03915672877180371,8,512,0.5,10,10,2,64,head,True,False,False,relu,True,0.03,0.5,uniform
61,0.049124593594895405,0.04306856956653581,8,256,0.7,20,20,5,16,head,True,False,False,gelu,False,0.03,1.2,uniform
62,0.593184125467705,0.0858416545264685,8,256,0.5,10,20,2,64,causal,True,True,False,gelu,True,0.005,1.2,uniform
63,0.1399349790472777,0.1137956762172327,8,256,0.5,20,10,2,16,causal,True,True,True,tanh,True,0.005,0.5,uniform
64,0.3302305808898276,0.042350975007335534,8,256,0.7,10,10,2,16,roots,True,False,True,gelu,True,0.005,1.2,uniform
65,0.5197419765249235,0.025041758750720747,8,256,0.7,10,20,5,64,causal,True,False,False,gelu,True,0.03,0.5,uniform
66,0.5441561792820282,0.020201888894767574,8,512,0.7,10,10,5,64,roots,False,True,False,tanh,True,0.005,1.2,uniform
67,0.2103989028651218,0.09610702239690753,8,256,0.5,10,10,2,64,roots,True,False,True,relu,True,0.03,0.5,uniform
68,0.21872036496215833,0.12151073544611324,8,256,0.7,20,10,5,64,causal,False,True,False,tanh,True,0.005,0.5,uniform
69,0.684856887066687,0.09821310809095052,8,256,0.5,20,20,5,16,roots,False,True,False,tanh,False,0.005,0.5,normal
70,0.14645750578781544,0.12239638447186682,8,256,0.7,20,10,5,16,head,True,False,True,relu,True,0.03,1.2,normal
71,0.1384859131050564,0.01736296196318354,8,512,0.7,10,10,5,16,causal,True,False,False,gelu,True,0.03,0.5,normal
72,0.3591196168254199,0.049802424121479116,8,512,0.5,10,10,2,64,roots,True,False,True,gelu,False,0.03,0.5,normal
73,0.3614076157779365,0.14398480690119117,8,256,0.5,20,20,2,64,head,False,True,True,relu,True,0.005,0.5,uniform
74,0.35778583553736426,0.05540309401343291,8,512,0.5,10,20,5,16,causal,False,True,True,gelu,True,0.03,1.2,normal
75,0.2239170354471684,0.04487401078729704,8,256,0.7,20,10,5,16,causal,False,False,True,tanh,True,0.005,1.2,uniform
76,0.3821085918745509,0.05703827887173298,8,512,0.7,10,10,5,64,head,True,True,True,gelu,False,0.005,0.5,normal
77,0.5048558592725891,0.02318465005761494,8,512,0.7,10,20,5,64,head,False,True,False,tanh,True,0.005,1.2,uniform
78,0.3368233126710345,0.0805987906622617,8,512,0.7,20,10,2,64,causal,False,False,False,tanh,True,0.03,1.2,normal
79,0.5115232148159367,0.03830468179103413,8,256,0.5,10,10,2,64,head,True,True,False,tanh,True,0.005,0.5,normal
80,0.29316615223823295,0.17944990913062203,8,256,0.7,10,10,2,16,causal,False,True,False,tanh,True,0.005,1.2,uniform
81,0.22526564908482488,0.14891588278905557,8,256,0.7,20,10,2,64,head,True,False,False,gelu,False,0.005,0.5,uniform
82,0.7601631485189182,0.04426712292820364,8,512,0.5,10,20,2,64,causal,True,False,False,relu,True,0.03,0.5,normal
83,0.7952530085061035,0.07687586942201986,8,256,0.5,10,20,2,64,causal,False,True,True,relu,False,0.03,1.2,uniform
84,0.7097982827226432,0.0690446684780533,8,256,0.5,20,20,5,64,roots,False,True,False,tanh,False,0.03,0.5,normal
85,0.6533650854524508,0.03570364743156423,8,512,0.5,10,20,5,64,causal,False,False,True,tanh,True,0.005,0.5,normal
86,0.2318060568305335,0.08537713092287147,8,256,0.7,20,10,5,64,causal,True,True,True,relu,False,0.03,0.5,uniform
87,0.5959569412768775,0.11052915553943986,8,256,0.5,20,20,5,64,roots,True,True,False,gelu,False,0.03,1.2,uniform
88,0.2464277592572131,0.09787147329408079,8,512,0.5,20,20,5,64,head,False,True,True,gelu,False,0.005,1.2,uniform
89,0.10515104695301944,0.09468158460866943,8,256,0.5,20,10,2,16,head,False,False,True,tanh,False,0.03,0.5,normal
90,0.4522076368025542,0.08172328138276913,8,512,0.5,20,10,5,64,causal,False,True,True,gelu,False,0.03,1.2,normal
91,0.27555193754697616,0.10214798118186319,8,256,0.5,10,10,5,16,causal,False,True,True,gelu,True,0.005,0.5,normal
92,0.48263153481631565,0.05271432089227563,8,256,0.5,10,10,5,64,head,False,False,True,relu,True,0.03,0.5,normal
93,0.25922962320826276,0.17542584981722978,8,512,0.5,20,20,2,16,causal,False,False,True,tanh,False,0.005,0.5,normal
94,0.222422380699827,0.030274815220242172,8,512,0.5,10,20,5,16,causal,True,False,False,gelu,False,0.03,0.5,normal
95,0.2678651670589641,0.11484187613055483,8,512,0.7,20,20,2,64,head,False,False,True,relu,True,0.03,1.2,uniform
96,0.2503366393748306,0.10083726902217631,8,512,0.7,20,10,2,64,head,False,True,False,tanh,False,0.03,0.5,normal
97,0.45360125003574614,0.013324468857221,8,512,0.7,10,10,2,64,head,False,False,True,gelu,True,0.03,1.2,normal
98,0.5404788224261134,0.0724407903179956,8,512,0.5,10,20,2,64,head,True,True,False,relu,True,0.005,0.5,uniform
99,0.09143891122314919,0.08262133429576744,8,512,0.5,20,20,5,16,head,True,False,False,relu,False,0.005,0.5,normal
100,0.12597611007657716,0.11110103054836787,8,256,0.7,20,20,2,16,head,True,True,True,gelu,True,0.03,0.5,normal
101,0.6513689952086262,0.07342709682839782,8,256,0.7,10,20,2,64,head,True,True,True,gelu,True,0.005,1.2,normal
102,0.46451140939551616,0.0973812348108182,8,512,0.5,20,20,2,16,roots,True,False,True,tanh,True,0.005,1.2,normal
103,0.10385052042977823,0.08929096160496444,8,256,0.5,20,10,2,16,head,True,True,False,gelu,True,0.005,0.5,uniform
104,0.12293528056181185,0.036696897141580434,8,256,0.7,10,10,5,16,causal,True,False,False,gelu,False,0.005,1.2,normal
105,0.11147530901008758,0.055789502862251025,8,256,0.5,10,10,5,16,head,True,False,True,relu,True,0.005,0.5,uniform
106,0.29836422281637365,0.028680721635524913,8,256,0.7,10,10,5,64,causal,True,False,True,relu,False,0.03,1.2,uniform
107,0.07963754074914783,0.03656233272983417,8,512,0.7,10,10,5,16,head,False,True,True,tanh,True,0.03,1.2,uniform
108,0.34596367133046035,0.11858787753668036,8,512,0.5,20,20,2,64,head,True,False,False,tanh,False,0.005,1.2,uniform
109,0.02682747590942421,0.027728099970819983,8,256,0.7,20,10,5,16,causal,True,True,False,relu,False,0.03,1.2,uniform
110,0.20909892071466485,0.10808476753307335,8,512,0.5,10,20,2,16,head,False,True,True,gelu,True,0.03,1.2,uniform
111,0.3067031826950268,0.026135816747446024,8,512,0.5,10,20,5,16,causal,True,True,False,tanh,False,0.03,1.2,uniform
112,0.1648999759905166,0.13245321505004942,8,512,0.7,20,20,2,16,causal,False,False,True,tanh,False,0.03,1.2,uniform
113,0.2453572383307726,0.046400197952314266,8,256,0.7,10,10,5,64,head,False,True,False,relu,True,0.03,1.2,uniform
114,0.8949861612188443,0.04079313875788049,8,256,0.5,10,10,5,64,roots,False,False,False,tanh,True,0.005,0.5,normal
115,0.5159288873941057,0.02724710612429611,8,256,0.7,10,10,2,64,head,True,True,True,relu,True,0.03,0.5,normal
116,0.4532045017647822,0.062082946087231125,8,512,0.5,10,20,5,64,head,False,False,False,relu,True,0.03,0.5,normal
117,0.11023795313245602,0.09398289677436794,8,512,0.5,20,10,2,16,causal,True,False,True,tanh,True,0.03,1.2,uniform
118,0.48586921978621517,0.04830146364862408,8,512,0.5,10,10,5,64,causal,True,False,False,relu,False,0.03,1.2,normal
119,0.09718138498254468,0.059298023245431174,8,512,0.5,20,20,5,64,head,True,False,False,relu,False,0.005,1.2,uniform
120,0.23376317216827636,0.1370144864508941,8,256,0.5,20,10,2,64,causal,False,True,False,gelu,False,0.005,0.5,uniform
121,0.34570701988996694,0.07817295946019522,8,256,0.5,10,10,2,16,roots,False,True,False,tanh,False,0.03,1.2,normal
122,0.6173709798302858,0.06089602093631469,8,512,0.5,10,10,5,16,roots,False,True,True,gelu,False,0.005,1.2,normal
123,0.6293543751287036,0.01999237176253502,8,512,0.5,10,20,5,64,causal,False,True,False,gelu,False,0.03,1.2,normal
124,0.11521003206227085,0.09719981018296671,8,256,0.7,20,20,5,16,head,False,True,True,relu,True,0.005,0.5,normal
125,0.8421370093845175,0.05582082844848904,8,256,0.7,10,10,5,64,causal,True,True,True,tanh,False,0.005,1.2,uniform
126,0.08918820109779911,0.03058732331221661,8,512,0.5,20,20,5,16,causal,True,False,False,tanh,True,0.03,1.2,uniform
127,0.11136077188016606,0.06654257338907368,8,512,0.7,20,10,2,64,head,False,False,False,gelu,True,0.03,0.5,uniform
128,0.19754957950112148,0.027170334551552665,8,512,0.7,10,10,5,64,head,True,False,True,gelu,False,0.03,1.2,uniform
129,0.32560659389173696,0.01736648320274327,8,512,0.7,10,10,5,16,causal,False,False,True,gelu,False,0.03,1.2,normal
130,0.14041813726640773,0.09473415931089968,8,256,0.5,10,20,5,16,head,True,True,True,gelu,False,0.005,0.5,normal
131,0.20742200278800374,0.03732215425239071,8,512,0.7,10,10,2,16,roots,False,False,True,tanh,False,0.005,1.2,uniform
132,0.8775136051696139,0.05641994237300768,8,512,0.5,20,20,5,64,roots,True,False,True,tanh,False,0.03,1.2,normal
133,0.43082555556232727,0.04930405493233265,8,512,0.7,10,20,2,64,causal,False,False,False,gelu,False,0.005,0.5,uniform
134,0.08980288611325618,0.06469778186950734,8,256,0.7,10,20,5,16,head,False,True,True,relu,True,0.03,1.2,uniform
135,0.27056165599818915,0.14784431201574041,8,256,0.7,20,20,2,64,roots,True,True,True,tanh,True,0.03,1.2,uniform
136,0.6154646656297006,0.024666865668416138,8,256,0.5,10,10,5,64,roots,False,False,True,relu,True,0.03,1.2,normal
137,0.20598302518665246,0.09788834681361552,8,256,0.7,10,10,2,16,head,True,True,True,gelu,True,0.005,1.2,normal
138,0.4501857755459264,0.06843919063564831,8,512,0.7,20,20,5,64,causal,False,True,False,relu,True,0.005,1.2,normal
139,0.23543277966000994,0.11774722895617805,8,512,0.7,10,20,2,16,causal,True,True,True,relu,True,0.03,1.2,uniform
140,0.5004960295108808,0.08384104543963601,8,512,0.5,20,20,2,64,causal,True,True,True,gelu,False,0.005,1.2,normal
141,0.5604075373327579,0.06261770844480458,8,512,0.5,10,10,5,16,roots,True,True,False,gelu,False,0.005,0.5,normal
142,0.3592943385354077,0.1481120464178546,8,256,0.7,20,20,2,16,roots,False,True,False,tanh,False,0.005,0.5,normal
143,0.5403327898639889,0.06857252064807491,8,256,0.5,20,20,5,64,head,True,True,True,tanh,False,0.03,1.2,normal
144,0.10446898023702979,0.06057389383721369,8,512,0.7,10,10,5,16,head,False,True,True,relu,True,0.005,0.5,normal
145,0.18376500946205676,0.040972007612218045,8,256,0.7,10,20,5,16,causal,False,False,False,relu,False,0.03,1.2,uniform
146,0.7913706284149931,0.04322747688829606,8,256,0.5,10,20,2,64,causal,True,True,False,relu,False,0.03,0.5,normal
147,0.3471058244269892,0.05539946996273299,8,256,0.7,20,20,5,16,causal,True,False,False,tanh,False,0.03,1.2,normal
148,0.27451581194451424,0.04123618705552371,8,512,0.7,10,10,2,16,roots,False,False,False,gelu,False,0.03,1.2,normal
149,0.06772832207837881,0.06397320428316605,8,512,0.5,20,20,2,16,head,True,True,True,gelu,False,0.005,0.5,uniform
150,0.08362410390356159,0.05023777006854059,8,256,0.7,10,20,5,16,causal,True,True,False,tanh,True,0.03,1.2,uniform
151,0.4549242551506678,0.023719388044013495,8,256,0.7,10,10,2,64,head,True,False,True,tanh,True,0.03,0.5,normal
152,0.35688576836642916,0.0929951752809979,8,256,0.5,20,10,5,16,causal,False,False,True,relu,True,0.005,1.2,normal
153,0.15191452163784475,0.12352419810703327,8,256,0.7,20,20,2,16,causal,False,False,True,gelu,True,0.005,0.5,uniform
154,0.5835923046330119,0.03411998898272131,8,256,0.7,10,10,5,16,roots,True,True,False,relu,False,0.03,0.5,normal
155,0.11828955393490888,0.07948235704863328,8,256,0.5,10,20,5,16,head,True,True,True,relu,False,0.03,1.2,normal
156,0.21562752591852202,0.13259988244072993,8,512,0.7,20,20,2,16,roots,False,True,False,relu,False,0.005,1.2,uniform
157,0.4539035938365704,0.08713370422398813,8,512,0.7,20,20,2,64,head,False,False,True,relu,True,0.03,0.5,normal
158,0.5948078929622087,0.04119409467367323,8,256,0.7,10,10,2,64,head,False,True,True,gelu,True,0.03,1.2,normal
159,0.3483259571526746,0.06958844444416375,8,512,0.7,10,10,2,16,causal,True,True,True,relu,False,0.03,0.5,normal
160,0.2474451757398127,0.08894197160794781,8,256,0.7,10,10,2,16,causal,True,False,True,gelu,True,0.005,1.2,uniform
161,0.08898554747497814,0.06227104206530829,8,256,0.7,20,20,5,16,causal,True,True,True,tanh,True,0.03,0.5,uniform
162,0.10696172740116347,0.09291735465703223,8,256,0.7,20,10,2,16,causal,True,False,False,gelu,False,0.005,1.2,uniform
163,0.37740028955291627,0.1091401868367331,8,256,0.7,20,10,5,64,head,True,False,False,gelu,False,0.005,0.5,normal
164,0.548922614587848,0.12814736624618456,8,256,0.5,20,20,2,64,head,False,False,False,gelu,False,0.03,1.2,normal
165,0.40847317938039,0.09194461535458502,8,256,0.7,10,10,2,64,causal,False,True,False,gelu,False,0.03,1.2,uniform
166,0.3494871605974593,0.05422795641984375,8,512,0.7,10,10,2,16,causal,False,True,True,tanh,False,0.03,1.2,normal
167,0.4988345343902146,0.0785172758496107,8,512,0.5,20,20,5,64,head,True,True,True,tanh,True,0.005,0.5,normal
168,0.18341905647235518,0.12442547507097212,8,256,0.5,20,10,5,16,causal,False,True,True,tanh,True,0.005,0.5,uniform
169,0.332179003488148,0.09942715681713586,8,512,0.5,20,10,2,64,head,True,False,False,relu,False,0.005,1.2,normal
170,0.03892774112010188,0.03305904293785603,8,256,0.7,20,10,5,16,head,True,True,False,tanh,True,0.005,0.5,uniform
171,0.16702144990184328,0.13814620310264802,8,256,0.7,20,20,2,16,causal,False,True,True,gelu,True,0.03,1.2,uniform
172,0.6230613719881193,0.10002077964306842,8,256,0.7,10,20,5,64,causal,False,False,True,relu,True,0.03,0.5,uniform
173,0.1605048113658086,0.06360045321485688,8,256,0.7,10,10,5,16,causal,True,False,False,relu,True,0.005,0.5,uniform
174,0.2929952052121978,0.10290159971308455,8,256,0.7,20,10,2,64,head,False,True,True,gelu,False,0.03,0.5,normal
175,0.11292813151694474,0.049927995383006664,8,256,0.5,10,10,5,16,head,True,False,False,tanh,True,0.03,0.5,uniform
176,0.37288426361463956,0.05001083282051383,8,256,0.5,20,10,5,64,causal,False,True,True,relu,False,0.03,0.5,normal
177,0.41824477995148573,0.03136877152264667,8,256,0.7,10,10,5,16,roots,False,True,False,gelu,False,0.03,1.2,uniform
178,0.16143225689202417,0.1268990195201486,8,512,0.7,20,10,2,16,causal,False,False,True,gelu,True,0.03,0.5,normal
179,0.18300675525988652,0.03455214437511033,8,512,0.5,20,10,5,16,causal,True,False,True,tanh,False,0.03,1.2,uniform
180,0.7241604714039646,0.0696531265184935,8,256,0.5,20,20,5,64,roots,True,True,False,tanh,True,0.03,1.2,uniform
181,0.38750809618534177,0.08101435139468476,8,256,0.5,20,10,2,64,causal,False,False,True,gelu,False,0.005,1.2,normal
182,0.7610229864546163,0.026987945557683357,8,512,0.7,20,20,5,16,roots,False,True,False,relu,True,0.03,0.5,normal
183,0.12370158856631552,0.07465994064493572,8,256,0.7,10,10,2,16,head,False,True,False,relu,False,0.03,0.5,normal
184,0.645899961436297,0.12006651144817931,8,256,0.5,20,20,2,64,head,False,True,False,tanh,False,0.03,1.2,normal
185,0.300899851949308,0.23872683204412326,8,512,0.5,20,20,2,16,causal,True,True,False,tanh,False,0.03,1.2,normal
186,0.04413376859154089,0.041156851195594014,8,512,0.7,20,20,5,16,head,False,True,True,tanh,True,0.03,0.5,normal
187,0.4931480522071726,0.11081328180255547,8,256,0.5,20,20,2,64,roots,True,True,False,gelu,True,0.005,0.5,normal
188,0.5586117643608834,0.07810823583874972,8,512,0.5,10,20,2,64,head,True,False,False,tanh,True,0.03,0.5,uniform
189,0.48861689584087786,0.046404256200093474,8,256,0.7,10,10,5,64,head,False,False,False,gelu,True,0.03,0.5,normal
190,0.5566015676183353,0.05554341074688072,8,256,0.5,10,10,5,64,causal,False,False,False,relu,True,0.03,0.5,uniform
191,0.12337189319658015,0.08035743053901037,8,256,0.7,10,10,2,16,head,True,False,False,gelu,True,0.005,1.2,uniform
